{"objects":[["cube",[0.003127377395798381,0.6747742387653233,0.9496857069914575],{"0":1,"1":0,"2":0,"3":0,"4":0,"5":1,"6":0,"7":0,"8":0,"9":0,"10":1,"11":0,"12":-84,"13":-84,"14":-105,"15":1},null,20,20,20],["cube",[0.5368610098682316,0.986119628574395,0.873164663018118],{"0":1,"1":0,"2":0,"3":0,"4":0,"5":1,"6":0,"7":0,"8":0,"9":0,"10":1,"11":0,"12":0,"13":-84,"14":-105,"15":1},null,20,20,20],["cube",[0.04594545823397256,0.03328977590043658,0.43404019610978994],{"0":1,"1":0,"2":0,"3":0,"4":0,"5":1,"6":0,"7":0,"8":0,"9":0,"10":1,"11":0,"12":21,"13":-84,"14":-105,"15":1},null,20,20,20],["cube",[0.5498458771530026,0.7309266754211167,0.6989969616659844],{"0":1,"1":0,"2":0,"3":0,"4":0,"5":1,"6":0,"7":0,"8":0,"9":0,"10":1,"11":0,"12":42,"13":-84,"14":-105,"15":1},null,20,20,20],["cube",[0.035757198705755555,0.6262715497334855,0.7252378695391842],{"0":1,"1":0,"2":0,"3":0,"4":0,"5":1,"6":0,"7":0,"8":0,"9":0,"10":1,"11":0,"12":63,"13":-84,"14":-105,"15":1},null,20,20,20],["cube",[0.3908778947327318,0.8019951948246633,0.8381554244008818],{"0":1,"1":0,"2":0,"3":0,"4":0,"5":1,"6":0,"7":0,"8":0,"9":0,"10":1,"11":0,"12":84,"13":-84,"14":-105,"15":1},null,20,20,20],["cube",[0.3882127799075009,0.9582363390458842,0.9202861228707013],{"0":1,"1":0,"2":0,"3":0,"4":0,"5":1,"6":0,"7":0,"8":0,"9":0,"10":1,"11":0,"12":-84,"13":-63,"14":-105,"15":1},null,20,20,20],["cube",[0.6309657581499581,0.9593342842588091,0.9295882878929437],{"0":1,"1":0,"2":0,"3":0,"4":0,"5":1,"6":0,"7":0,"8":0,"9":0,"10":1,"11":0,"12":0,"13":-63,"14":-105,"15":1},null,20,20,20],["cube",[0.12186862253336306,0.9496302130187565,0.9950710027787851],{"0":1,"1":0,"2":0,"3":0,"4":0,"5":1,"6":0,"7":0,"8":0,"9":0,"10":1,"11":0,"12":21,"13":-63,"14":-105,"15":1},null,20,20,20],["cube",[0.04752454266968964,0.29013268149061455,0.9753025193743315],{"0":1,"1":0,"2":0,"3":0,"4":0,"5":1,"6":0,"7":0,"8":0,"9":0,"10":1,"11":0,"12":84,"13":-63,"14":-105,"15":1},null,20,20,20],["cube",[0.25011626119462715,0.9018624163564417,0.8461233550838261],{"0":1,"1":0,"2":0,"3":0,"4":0,"5":1,"6":0,"7":0,"8":0,"9":0,"10":1,"11":0,"12":-84,"13":-42,"14":-105,"15":1},null,20,20,20],["cube",[0.2991510017029816,0.4879255819458983,0.6778981937791713],{"0":1,"1":0,"2":0,"3":0,"4":0,"5":1,"6":0,"7":0,"8":0,"9":0,"10":1,"11":0,"12":0,"13":-42,"14":-105,"15":1},null,20,20,20],["cube",[0.03435455569963186,0.12572915072866953,0.9327148874082825],{"0":1,"1":0,"2":0,"3":0,"4":0,"5":1,"6":0,"7":0,"8":0,"9":0,"10":1,"11":0,"12":84,"13":-42,"14":-105,"15":1},null,20,20,20],["cube",[0.7013282400147491,0.9707109193560336,0.9548735029354581],{"0":1,"1":0,"2":0,"3":0,"4":0,"5":1,"6":0,"7":0,"8":0,"9":0,"10":1,"11":0,"12":-84,"13":-21,"14":-105,"15":1},null,20,20,20],["cube",[0.11062631193580108,0.6109393220427952,0.6968230908649354],{"0":1,"1":0,"2":0,"3":0,"4":0,"5":1,"6":0,"7":0,"8":0,"9":0,"10":1,"11":0,"12":0,"13":-21,"14":-105,"15":1},null,20,20,20],["cube",[0.10825957435310785,0.26450765137973575,0.7971913129806351],{"0":1,"1":0,"2":0,"3":0,"4":0,"5":1,"6":0,"7":0,"8":0,"9":0,"10":1,"11":0,"12":84,"13":-21,"14":-105,"15":1},null,20,20,20],["cube",[0.3743576012312607,0.9255042494897858,0.7727670088459975],{"0":1,"1":0,"2":0,"3":0,"4":0,"5":1,"6":0,"7":0,"8":0,"9":0,"10":1,"11":0,"12":-84,"13":0,"14":-105,"15":1},null,20,20,20],["cube",[0.38911314946659337,0.5097292307113667,0.8052732342540287],{"0":1,"1":0,"2":0,"3":0,"4":0,"5":1,"6":0,"7":0,"8":0,"9":0,"10":1,"11":0,"12":0,"13":0,"14":-105,"15":1},null,20,20,20],["cube",[0.26022432485104774,0.018007293224463372,0.8694560466316887],{"0":1,"1":0,"2":0,"3":0,"4":0,"5":1,"6":0,"7":0,"8":0,"9":0,"10":1,"11":0,"12":84,"13":0,"14":-105,"15":1},null,20,20,20],["cube",[0.08325689023917549,0.39977037331313825,0.6979874510576998],{"0":1,"1":0,"2":0,"3":0,"4":0,"5":1,"6":0,"7":0,"8":0,"9":0,"10":1,"11":0,"12":-84,"13":21,"14":-105,"15":1},null,20,20,20],["cube",[0.6239940048984729,0.7731524905394636,0.984040581909352],{"0":1,"1":0,"2":0,"3":0,"4":0,"5":1,"6":0,"7":0,"8":0,"9":0,"10":1,"11":0,"12":0,"13":21,"14":-105,"15":1},null,20,20,20],["cube",[0.19672528135774048,0.10922260529549743,0.6777841642598238],{"0":1,"1":0,"2":0,"3":0,"4":0,"5":1,"6":0,"7":0,"8":0,"9":0,"10":1,"11":0,"12":84,"13":21,"14":-105,"15":1},null,20,20,20],["cube",[0.04999962871977237,0.04152440905153976,0.7143386588223031],{"0":1,"1":0,"2":0,"3":0,"4":0,"5":1,"6":0,"7":0,"8":0,"9":0,"10":1,"11":0,"12":-84,"13":42,"14":-105,"15":1},null,20,20,20],["cube",[0.2550195247235626,0.16294794598101103,0.6669664244213794],{"0":1,"1":0,"2":0,"3":0,"4":0,"5":1,"6":0,"7":0,"8":0,"9":0,"10":1,"11":0,"12":0,"13":42,"14":-105,"15":1},null,20,20,20],["cube",[0.3182138722005039,0.5679410123748527,0.694230101251511],{"0":1,"1":0,"2":0,"3":0,"4":0,"5":1,"6":0,"7":0,"8":0,"9":0,"10":1,"11":0,"12":84,"13":42,"14":-105,"15":1},null,20,20,20],["cube",[0.16793517715071038,0.2575345832634789,0.7061158179057967],{"0":1,"1":0,"2":0,"3":0,"4":0,"5":1,"6":0,"7":0,"8":0,"9":0,"10":1,"11":0,"12":-84,"13":63,"14":-105,"15":1},null,20,20,20],["cube",[0.03850212107867912,0.4756900628144538,0.6377343246219283],{"0":1,"1":0,"2":0,"3":0,"4":0,"5":1,"6":0,"7":0,"8":0,"9":0,"10":1,"11":0,"12":-21,"13":63,"14":-105,"15":1},null,20,20,20],["cube",[0.24335737817969305,0.376585942953254,0.7258229456256045],{"0":1,"1":0,"2":0,"3":0,"4":0,"5":1,"6":0,"7":0,"8":0,"9":0,"10":1,"11":0,"12":0,"13":63,"14":-105,"15":1},null,20,20,20],["cube",[0.2682568393443264,0.44541713235500513,0.6999987333542763],{"0":1,"1":0,"2":0,"3":0,"4":0,"5":1,"6":0,"7":0,"8":0,"9":0,"10":1,"11":0,"12":84,"13":63,"14":-105,"15":1},null,20,20,20],["cube",[0.6023187243396847,0.7270123701254587,0.913347628907213],{"0":1,"1":0,"2":0,"3":0,"4":0,"5":1,"6":0,"7":0,"8":0,"9":0,"10":1,"11":0,"12":-84,"13":84,"14":-105,"15":1},null,20,20,20],["cube",[0.45230144677423734,0.5913116013637328,0.6708459545607403],{"0":1,"1":0,"2":0,"3":0,"4":0,"5":1,"6":0,"7":0,"8":0,"9":0,"10":1,"11":0,"12":-63,"13":84,"14":-105,"15":1},null,20,20,20],["cube",[0.353252352444535,0.7850482272566808,0.9190040850079556],{"0":1,"1":0,"2":0,"3":0,"4":0,"5":1,"6":0,"7":0,"8":0,"9":0,"10":1,"11":0,"12":-42,"13":84,"14":-105,"15":1},null,20,20,20],["cube",[0.15032826890935147,0.0004312462771544068,0.7704706158965406],{"0":1,"1":0,"2":0,"3":0,"4":0,"5":1,"6":0,"7":0,"8":0,"9":0,"10":1,"11":0,"12":-21,"13":84,"14":-105,"15":1},null,20,20,20],["cube",[0.41348845743099594,0.5967536374471178,0.8491222008354692],{"0":1,"1":0,"2":0,"3":0,"4":0,"5":1,"6":0,"7":0,"8":0,"9":0,"10":1,"11":0,"12":0,"13":84,"14":-105,"15":1},null,20,20,20],["cube",[0.37223302913567513,0.4523075661038609,0.9821411187372966],{"0":1,"1":0,"2":0,"3":0,"4":0,"5":1,"6":0,"7":0,"8":0,"9":0,"10":1,"11":0,"12":84,"13":84,"14":-105,"15":1},null,20,20,20],["cube",[0.3361375266125398,0.5314724317071615,0.25622385092434086],{"0":1,"1":0,"2":0,"3":0,"4":0,"5":1,"6":0,"7":0,"8":0,"9":0,"10":1,"11":0,"12":-84,"13":105,"14":-84,"15":1},null,20,20,20],["cube",[0.3530703803229531,0.7327808301705523,0.3960933031961923],{"0":1,"1":0,"2":0,"3":0,"4":0,"5":1,"6":0,"7":0,"8":0,"9":0,"10":1,"11":0,"12":-63,"13":105,"14":-84,"15":1},null,20,20,20],["cube",[0.01741713712382731,0.7092673197313907,0.1154918517807394],{"0":1,"1":0,"2":0,"3":0,"4":0,"5":1,"6":0,"7":0,"8":0,"9":0,"10":1,"11":0,"12":63,"13":105,"14":-84,"15":1},null,20,20,20],["cube",[0.05331882579560543,0.7478529602096458,0.4698797690648311],{"0":1,"1":0,"2":0,"3":0,"4":0,"5":1,"6":0,"7":0,"8":0,"9":0,"10":1,"11":0,"12":84,"13":105,"14":-84,"15":1},null,20,20,20],["cube",[0.6020767442221983,0.8645129518169296,0.18363262617460907],{"0":1,"1":0,"2":0,"3":0,"4":0,"5":1,"6":0,"7":0,"8":0,"9":0,"10":1,"11":0,"12":-84,"13":105,"14":-63,"15":1},null,20,20,20],["cube",[0.059304482640091916,0.7649214816154255,0.13641493124225734],{"0":1,"1":0,"2":0,"3":0,"4":0,"5":1,"6":0,"7":0,"8":0,"9":0,"10":1,"11":0,"12":-63,"13":105,"14":-63,"15":1},null,20,20,20],["cube",[0.5057653226996551,0.6611170872145915,0.12623048415771343],{"0":1,"1":0,"2":0,"3":0,